id,First_Name,Last_Name,Possition,Salary
1,Koji,Bello,Devops,2000k
1,Koji,Bello,Devops,2000k
1,Koji,Bello,Devops,2000k
1,Koji,Bello,Devops,2000k
1,Koji,Bello,Devops,2000k
1,Koji,Bello,Devops,2000k
1,Koji,Bello,Devops,2000k
1,Koji,Bello,Devops,2000k
1,Koji,Bello,Devops,2000k
1,Koji,Bello,Devops,2000k
1,Koji,Bello,Devops,2000k
1,Koji,Bello,Devops,2000k
1,Koji,Bello,Devops,2000k
1,Koji,Bello,Devops,2000k
1,Koji,Bello,Devops,2000k
1,Koji,Bello,Devops,2000k
1,Koji,Bello,Devops,2000k
1,Koji,Bello,Devops,2000k
1,Koji,Bello,Devops,2000k
1,Koji,Bello,Devops,2000k
